{"cameraMode":{"drawMode":0,"name":"Shaded","section":"Shading Mode"},"sceneLighting":true,"audioPlay":false,"sceneViewState":{"m_AlwaysRefresh":false,"showFog":true,"showSkybox":true,"showFlares":true,"showImageEffects":true,"showParticleSystems":true,"showVisualEffectGraphs":true,"m_FxEnabled":true},"in2DMode":false,"pivot":{"x":5.508308410644531,"y":-12.10169792175293,"z":26.379180908203126},"rotation":{"x":-0.17736311256885529,"y":0.04608976095914841,"z":-0.008328454568982125,"w":-0.9830619096755981},"size":35.720523834228519,"orthographic":false}